<?xml version="1.0" encoding="UTF-8" standalone="yes"?>
<addon id="plugin.video.serien"
	   name="Serien"
	   version="1.0.8"
	   provider-name="bembelbruder">
  <requires>
    <import addon="xbmc.python" version="2.1.0"/>
    <import addon="script.module.bembelresolver" version="1.1.1"/>
  </requires>
  <extension point="xbmc.python.pluginsource"
			 library="default.py">
    	<provides>video</provides>
  </extension>
  <extension point="xbmc.addon.metadata">
    <summary>Serien online sehen</summary>
    <description>Viele Serien über burning-seri.es</description>
    <platform>all</platform>
  </extension>
</addon>
