<?xml version="1.0" encoding="UTF-8" standalone="yes"?>
<addon id="plugin.video.kinox"
	   name="Kinox"
	   version="1.0.7"
	   provider-name="bembelbruder">
  <requires>
    <import addon="xbmc.python" version="2.1.0"/>
    <import addon="script.module.bembelresolver" version="0.4.8"/>
  </requires>
  <extension point="xbmc.python.pluginsource"
			 library="default.py">
    	<provides>video</provides>
  </extension>
  <extension point="xbmc.addon.metadata">
    <summary>Filme über kinox.to</summary>
    <description>Filme über kinox.to</description>
    <platform>all</platform>
  </extension>
</addon>
